SET foreign_key_checks = 0;
CREATE TABLE IF NOT EXISTS "django_migrations" ("id" integer NOT NULL PRIMARY KEY AUTOINCREMENT, "app" varchar(255) NOT NULL, "name" varchar(255) NOT NULL, "applied" datetime NOT NULL);
INSERT INTO django_migrations VALUES(1,'contenttypes','0001_initial','2025-05-03 23:25:43.234515');
INSERT INTO django_migrations VALUES(2,'auth','0001_initial','2025-05-03 23:25:43.256288');
INSERT INTO django_migrations VALUES(3,'admin','0001_initial','2025-05-03 23:25:43.271728');
INSERT INTO django_migrations VALUES(4,'admin','0002_logentry_remove_auto_add','2025-05-03 23:25:43.283890');
INSERT INTO django_migrations VALUES(5,'admin','0003_logentry_add_action_flag_choices','2025-05-03 23:25:43.294613');
INSERT INTO django_migrations VALUES(6,'contenttypes','0002_remove_content_type_name','2025-05-03 23:25:43.313085');
INSERT INTO django_migrations VALUES(7,'auth','0002_alter_permission_name_max_length','2025-05-03 23:25:43.325407');
INSERT INTO django_migrations VALUES(8,'auth','0003_alter_user_email_max_length','2025-05-03 23:25:43.336810');
INSERT INTO django_migrations VALUES(9,'auth','0004_alter_user_username_opts','2025-05-03 23:25:43.345608');
INSERT INTO django_migrations VALUES(10,'auth','0005_alter_user_last_login_null','2025-05-03 23:25:43.357313');
INSERT INTO django_migrations VALUES(11,'auth','0006_require_contenttypes_0002','2025-05-03 23:25:43.361534');
INSERT INTO django_migrations VALUES(12,'auth','0007_alter_validators_add_error_messages','2025-05-03 23:25:43.369872');
INSERT INTO django_migrations VALUES(13,'auth','0008_alter_user_username_max_length','2025-05-03 23:25:43.381151');
INSERT INTO django_migrations VALUES(14,'auth','0009_alter_user_last_name_max_length','2025-05-03 23:25:43.391456');
INSERT INTO django_migrations VALUES(15,'auth','0010_alter_group_name_max_length','2025-05-03 23:25:43.402149');
INSERT INTO django_migrations VALUES(16,'auth','0011_update_proxy_permissions','2025-05-03 23:25:43.410881');
INSERT INTO django_migrations VALUES(17,'auth','0012_alter_user_first_name_max_length','2025-05-03 23:25:43.421860');
INSERT INTO django_migrations VALUES(18,'productos','0001_initial','2025-05-03 23:25:43.445013');
INSERT INTO django_migrations VALUES(19,'sessions','0001_initial','2025-05-03 23:25:43.455143');
INSERT INTO django_migrations VALUES(20,'productos','0002_alter_producto_categoria_alter_producto_imagen','2025-05-04 00:42:22.958611');
INSERT INTO django_migrations VALUES(21,'productos','0003_alter_perfilusuario_carrera_and_more','2025-05-04 20:05:51.151930');
INSERT INTO django_migrations VALUES(22,'productos','0004_mensaje','2025-05-04 20:22:26.966901');
INSERT INTO django_migrations VALUES(23,'productos','0005_mensaje_leido','2025-05-04 21:33:44.019922');
INSERT INTO django_migrations VALUES(24,'productos','0006_perfilusuario_foto','2025-05-04 22:07:58.774083');
CREATE TABLE IF NOT EXISTS "auth_group_permissions" ("id" integer NOT NULL PRIMARY KEY AUTOINCREMENT, "group_id" integer NOT NULL REFERENCES "auth_group" ("id") DEFERRABLE INITIALLY DEFERRED, "permission_id" integer NOT NULL REFERENCES "auth_permission" ("id") DEFERRABLE INITIALLY DEFERRED);
CREATE TABLE IF NOT EXISTS "auth_user_groups" ("id" integer NOT NULL PRIMARY KEY AUTOINCREMENT, "user_id" integer NOT NULL REFERENCES "auth_user" ("id") DEFERRABLE INITIALLY DEFERRED, "group_id" integer NOT NULL REFERENCES "auth_group" ("id") DEFERRABLE INITIALLY DEFERRED);
CREATE TABLE IF NOT EXISTS "auth_user_user_permissions" ("id" integer NOT NULL PRIMARY KEY AUTOINCREMENT, "user_id" integer NOT NULL REFERENCES "auth_user" ("id") DEFERRABLE INITIALLY DEFERRED, "permission_id" integer NOT NULL REFERENCES "auth_permission" ("id") DEFERRABLE INITIALLY DEFERRED);
CREATE TABLE IF NOT EXISTS "django_admin_log" ("id" integer NOT NULL PRIMARY KEY AUTOINCREMENT, "object_id" text NULL, "object_repr" varchar(200) NOT NULL, "action_flag" smallint unsigned NOT NULL CHECK ("action_flag" >= 0), "change_message" text NOT NULL, "content_type_id" integer NULL REFERENCES "django_content_type" ("id") DEFERRABLE INITIALLY DEFERRED, "user_id" integer NOT NULL REFERENCES "auth_user" ("id") DEFERRABLE INITIALLY DEFERRED, "action_time" datetime NOT NULL);
INSERT INTO django_admin_log VALUES(1,'1','Libro',1,'[{"added": {}}]',7,1,'2025-05-04 00:44:22.847167');
INSERT INTO django_admin_log VALUES(2,'2','Componentes electronicos',1,'[{"added": {}}]',7,1,'2025-05-04 00:44:30.742021');
INSERT INTO django_admin_log VALUES(3,'3','Cursos',1,'[{"added": {}}]',7,1,'2025-05-04 00:44:33.952479');
INSERT INTO django_admin_log VALUES(4,'4','Materiales para maquetas',1,'[{"added": {}}]',7,1,'2025-05-04 00:44:49.885030');
INSERT INTO django_admin_log VALUES(5,'5','Utiles',1,'[{"added": {}}]',7,1,'2025-05-04 00:44:55.982627');
INSERT INTO django_admin_log VALUES(6,'6','Nochila',1,'[{"added": {}}]',7,1,'2025-05-04 00:45:04.469859');
INSERT INTO django_admin_log VALUES(7,'6','Mochila',2,'[{"changed": {"fields": ["Nombre"]}}]',7,1,'2025-05-04 00:45:15.068026');
CREATE TABLE IF NOT EXISTS "django_content_type" ("id" integer NOT NULL PRIMARY KEY AUTOINCREMENT, "app_label" varchar(100) NOT NULL, "model" varchar(100) NOT NULL);
INSERT INTO django_content_type VALUES(1,'admin','logentry');
INSERT INTO django_content_type VALUES(2,'auth','permission');
INSERT INTO django_content_type VALUES(3,'auth','group');
INSERT INTO django_content_type VALUES(4,'auth','user');
INSERT INTO django_content_type VALUES(5,'contenttypes','contenttype');
INSERT INTO django_content_type VALUES(6,'sessions','session');
INSERT INTO django_content_type VALUES(7,'productos','categoria');
INSERT INTO django_content_type VALUES(8,'productos','perfilusuario');
INSERT INTO django_content_type VALUES(9,'productos','producto');
INSERT INTO django_content_type VALUES(10,'productos','mensaje');
CREATE TABLE IF NOT EXISTS "auth_permission" ("id" integer NOT NULL PRIMARY KEY AUTOINCREMENT, "content_type_id" integer NOT NULL REFERENCES "django_content_type" ("id") DEFERRABLE INITIALLY DEFERRED, "codename" varchar(100) NOT NULL, "name" varchar(255) NOT NULL);
INSERT INTO auth_permission VALUES(1,1,'add_logentry','Can add log entry');
INSERT INTO auth_permission VALUES(2,1,'change_logentry','Can change log entry');
INSERT INTO auth_permission VALUES(3,1,'delete_logentry','Can delete log entry');
INSERT INTO auth_permission VALUES(4,1,'view_logentry','Can view log entry');
INSERT INTO auth_permission VALUES(5,2,'add_permission','Can add permission');
INSERT INTO auth_permission VALUES(6,2,'change_permission','Can change permission');
INSERT INTO auth_permission VALUES(7,2,'delete_permission','Can delete permission');
INSERT INTO auth_permission VALUES(8,2,'view_permission','Can view permission');
INSERT INTO auth_permission VALUES(9,3,'add_group','Can add group');
INSERT INTO auth_permission VALUES(10,3,'change_group','Can change group');
INSERT INTO auth_permission VALUES(11,3,'delete_group','Can delete group');
INSERT INTO auth_permission VALUES(12,3,'view_group','Can view group');
INSERT INTO auth_permission VALUES(13,4,'add_user','Can add user');
INSERT INTO auth_permission VALUES(14,4,'change_user','Can change user');
INSERT INTO auth_permission VALUES(15,4,'delete_user','Can delete user');
INSERT INTO auth_permission VALUES(16,4,'view_user','Can view user');
INSERT INTO auth_permission VALUES(17,5,'add_contenttype','Can add content type');
INSERT INTO auth_permission VALUES(18,5,'change_contenttype','Can change content type');
INSERT INTO auth_permission VALUES(19,5,'delete_contenttype','Can delete content type');
INSERT INTO auth_permission VALUES(20,5,'view_contenttype','Can view content type');
INSERT INTO auth_permission VALUES(21,6,'add_session','Can add session');
INSERT INTO auth_permission VALUES(22,6,'change_session','Can change session');
INSERT INTO auth_permission VALUES(23,6,'delete_session','Can delete session');
INSERT INTO auth_permission VALUES(24,6,'view_session','Can view session');
INSERT INTO auth_permission VALUES(25,7,'add_categoria','Can add categoria');
INSERT INTO auth_permission VALUES(26,7,'change_categoria','Can change categoria');
INSERT INTO auth_permission VALUES(27,7,'delete_categoria','Can delete categoria');
INSERT INTO auth_permission VALUES(28,7,'view_categoria','Can view categoria');
INSERT INTO auth_permission VALUES(29,8,'add_perfilusuario','Can add perfil usuario');
INSERT INTO auth_permission VALUES(30,8,'change_perfilusuario','Can change perfil usuario');
INSERT INTO auth_permission VALUES(31,8,'delete_perfilusuario','Can delete perfil usuario');
INSERT INTO auth_permission VALUES(32,8,'view_perfilusuario','Can view perfil usuario');
INSERT INTO auth_permission VALUES(33,9,'add_producto','Can add producto');
INSERT INTO auth_permission VALUES(34,9,'change_producto','Can change producto');
INSERT INTO auth_permission VALUES(35,9,'delete_producto','Can delete producto');
INSERT INTO auth_permission VALUES(36,9,'view_producto','Can view producto');
INSERT INTO auth_permission VALUES(37,10,'add_mensaje','Can add mensaje');
INSERT INTO auth_permission VALUES(38,10,'change_mensaje','Can change mensaje');
INSERT INTO auth_permission VALUES(39,10,'delete_mensaje','Can delete mensaje');
INSERT INTO auth_permission VALUES(40,10,'view_mensaje','Can view mensaje');
CREATE TABLE IF NOT EXISTS "auth_group" ("id" integer NOT NULL PRIMARY KEY AUTOINCREMENT, "name" varchar(150) NOT NULL UNIQUE);
CREATE TABLE IF NOT EXISTS "auth_user" ("id" integer NOT NULL PRIMARY KEY AUTOINCREMENT, "password" varchar(128) NOT NULL, "last_login" datetime NULL, "is_superuser" bool NOT NULL, "username" varchar(150) NOT NULL UNIQUE, "last_name" varchar(150) NOT NULL, "email" varchar(254) NOT NULL, "is_staff" bool NOT NULL, "is_active" bool NOT NULL, "date_joined" datetime NOT NULL, "first_name" varchar(150) NOT NULL);
INSERT INTO auth_user VALUES(1,'pbkdf2_sha256$1000000$9MIXtpNSs96ufLNCK5nOor$nRNJPGBUitSHb43964HshXoRXYfGqvx4JU5I/GGjMaI=','2025-05-14 10:22:04.155660',1,'AdminPablo','','adminpablo@gmail.com',1,1,'2025-05-03 23:28:11.027786','');
INSERT INTO auth_user VALUES(2,'pbkdf2_sha256$1000000$Cf5vL08YdpsM0YaP6Vzk9f$1Leg53ME2/KNxSQMS/2gFmbfOrIKgDw1Ox9dXI3cCOM=','2025-05-17 04:48:09.344080',0,'UberReyes','','uber.reyes24@unach.mx',0,1,'2025-05-04 00:03:38.714997','');
INSERT INTO auth_user VALUES(3,'pbkdf2_sha256$1000000$udoc5DObxTdb8ezN7GKb8O$V8kTEc15Z/ohGGb7QhZsCG64JfE0YzYVPdPy8PUyLMI=','2025-05-17 04:50:25.479002',0,'DiegoCruz','','diego@gmail.com',0,1,'2025-05-04 00:15:12.874990','');
INSERT INTO auth_user VALUES(4,'pbkdf2_sha256$1000000$PYRKBOtvW8Lp4CRB4UGfwU$nEA0m8Ma0tnEUjfbjSX1XeADOCH5IecB4GTpPyyvdmo=',NULL,0,'SebasFurro','','sebas@gmail.com',0,1,'2025-05-05 05:13:17.634883','');
INSERT INTO auth_user VALUES(5,'pbkdf2_sha256$1000000$XN2ZQyET6bBBQbs0k9dNQF$3IKnWuA+pOy3iqjQce6Fqtt9TgtVkk+ItGPl+2P+seg=','2025-05-05 05:20:00.880262',0,'Sebas','','sebas@gmail.com',0,1,'2025-05-05 05:20:00.338039','');
INSERT INTO auth_user VALUES(6,'pbkdf2_sha256$1000000$pXftWYWSeUZLARUo5GYMed$wnmp1+BYnDXoWtQad72NkBc8VVFEI/J4q+vAZkK+zNY=','2025-05-08 17:33:18.635349',0,'MarcosPimentel','','marcos@unach.mx',0,1,'2025-05-08 17:33:17.031826','');
CREATE TABLE IF NOT EXISTS "productos_categoria" ("id" integer NOT NULL PRIMARY KEY AUTOINCREMENT, "nombre" varchar(100) NOT NULL);
INSERT INTO productos_categoria VALUES(1,'Libro');
INSERT INTO productos_categoria VALUES(2,'Componentes electronicos');
INSERT INTO productos_categoria VALUES(3,'Cursos');
INSERT INTO productos_categoria VALUES(4,'Materiales para maquetas');
INSERT INTO productos_categoria VALUES(5,'Utiles');
INSERT INTO productos_categoria VALUES(6,'Mochila');
CREATE TABLE IF NOT EXISTS "django_session" ("session_key" varchar(40) NOT NULL PRIMARY KEY, "session_data" text NOT NULL, "expire_date" datetime NOT NULL);
INSERT INTO django_session VALUES('wga70lsfs0z03uh3namnhjeapdpadkjv','.eJxVjEEOwiAQRe_C2hBgOiAu3XsGAswgVUOT0q6Md7dNutDtf-_9twhxXWpYO89hJHERIE6_W4r5yW0H9IjtPsk8tWUek9wVedAubxPx63q4fwc19rrVRnmtMiXjGZlMRvTFOIBoi0M4a-UUIgwG_RBTYQcFCNwGCay2bMTnC8PkNu0:1uG9VB:pGRzMd9m7L4BUOHZAUihqLz8d9jih-F_Gj_M1bcQ1s4','2025-05-31 04:50:25.489800');
CREATE TABLE IF NOT EXISTS "productos_producto" ("id" integer NOT NULL PRIMARY KEY AUTOINCREMENT, "nombre" varchar(100) NOT NULL, "descripcion" text NOT NULL, "precio" decimal NOT NULL, "categoria_id" bigint NULL REFERENCES "productos_categoria" ("id") DEFERRABLE INITIALLY DEFERRED, "publicado_por_id" integer NOT NULL REFERENCES "auth_user" ("id") DEFERRABLE INITIALLY DEFERRED, "imagen" varchar(100) NULL);
INSERT INTO productos_producto VALUES(1,'Comic','Deadpool Samurai 2',150,1,2,'productos/qdsam002-1200.webp');
CREATE TABLE IF NOT EXISTS "productos_perfilusuario" ("id" integer NOT NULL PRIMARY KEY AUTOINCREMENT, "carrera" varchar(100) NOT NULL, "usuario_id" integer NOT NULL UNIQUE REFERENCES "auth_user" ("id") DEFERRABLE INITIALLY DEFERRED, "telefono" varchar(15) NULL, "foto" varchar(100) NULL);
INSERT INTO productos_perfilusuario VALUES(1,'',1,'','');
INSERT INTO productos_perfilusuario VALUES(2,'',2,'','');
INSERT INTO productos_perfilusuario VALUES(3,'Ingeniería',3,'521231231234','perfiles/download.jpeg');
INSERT INTO productos_perfilusuario VALUES(4,'',4,NULL,'');
INSERT INTO productos_perfilusuario VALUES(5,'',5,NULL,'');
INSERT INTO productos_perfilusuario VALUES(6,'',6,'5291231231231','');
CREATE TABLE IF NOT EXISTS "productos_mensaje" ("id" integer NOT NULL PRIMARY KEY AUTOINCREMENT, "contenido" text NOT NULL, "timestamp" datetime NOT NULL, "emisor_id" integer NOT NULL REFERENCES "auth_user" ("id") DEFERRABLE INITIALLY DEFERRED, "producto_id" bigint NOT NULL REFERENCES "productos_producto" ("id") DEFERRABLE INITIALLY DEFERRED, "receptor_id" integer NOT NULL REFERENCES "auth_user" ("id") DEFERRABLE INITIALLY DEFERRED, "leido" bool NOT NULL);
INSERT INTO productos_mensaje VALUES(1,'Hola, es lo menos?','2025-05-04 20:26:27.483554',3,1,2,0);
INSERT INTO productos_mensaje VALUES(2,'Mensaje Prueba','2025-05-04 21:48:15.632617',3,1,2,0);
INSERT INTO productos_mensaje VALUES(3,'Todavia esta disponible?','2025-05-08 17:36:31.925444',6,1,2,0);
INSERT INTO productos_mensaje VALUES(4,'Hola','2025-05-14 10:08:41.483452',3,1,2,0);
INSERT INTO productos_mensaje VALUES(5,'Disponible aun?','2025-05-14 10:29:19.729578',3,1,2,0);
INSERT INTO productos_mensaje VALUES(6,'Buen dia','2025-05-14 10:30:08.468337',3,1,2,0);
INSERT INTO sqlite_sequence VALUES('django_migrations',24);
INSERT INTO sqlite_sequence VALUES('django_admin_log',7);
INSERT INTO sqlite_sequence VALUES('django_content_type',10);
INSERT INTO sqlite_sequence VALUES('auth_permission',40);
INSERT INTO sqlite_sequence VALUES('auth_group',0);
INSERT INTO sqlite_sequence VALUES('auth_user',6);
INSERT INTO sqlite_sequence VALUES('productos_producto',1);
INSERT INTO sqlite_sequence VALUES('productos_categoria',6);
INSERT INTO sqlite_sequence VALUES('productos_perfilusuario',6);
INSERT INTO sqlite_sequence VALUES('productos_mensaje',6);
CREATE UNIQUE INDEX "auth_group_permissions_group_id_permission_id_0cd325b0_uniq" ON "auth_group_permissions" ("group_id", "permission_id");
CREATE INDEX "auth_group_permissions_group_id_b120cbf9" ON "auth_group_permissions" ("group_id");
CREATE INDEX "auth_group_permissions_permission_id_84c5c92e" ON "auth_group_permissions" ("permission_id");
CREATE UNIQUE INDEX "auth_user_groups_user_id_group_id_94350c0c_uniq" ON "auth_user_groups" ("user_id", "group_id");
CREATE INDEX "auth_user_groups_user_id_6a12ed8b" ON "auth_user_groups" ("user_id");
CREATE INDEX "auth_user_groups_group_id_97559544" ON "auth_user_groups" ("group_id");
CREATE UNIQUE INDEX "auth_user_user_permissions_user_id_permission_id_14a6b632_uniq" ON "auth_user_user_permissions" ("user_id", "permission_id");
CREATE INDEX "auth_user_user_permissions_user_id_a95ead1b" ON "auth_user_user_permissions" ("user_id");
CREATE INDEX "auth_user_user_permissions_permission_id_1fbb5f2c" ON "auth_user_user_permissions" ("permission_id");
CREATE INDEX "django_admin_log_content_type_id_c4bce8eb" ON "django_admin_log" ("content_type_id");
CREATE INDEX "django_admin_log_user_id_c564eba6" ON "django_admin_log" ("user_id");
CREATE UNIQUE INDEX "django_content_type_app_label_model_76bd3d3b_uniq" ON "django_content_type" ("app_label", "model");
CREATE UNIQUE INDEX "auth_permission_content_type_id_codename_01ab375a_uniq" ON "auth_permission" ("content_type_id", "codename");
CREATE INDEX "auth_permission_content_type_id_2f476e4b" ON "auth_permission" ("content_type_id");
CREATE INDEX "django_session_expire_date_a5c62663" ON "django_session" ("expire_date");
CREATE INDEX "productos_producto_categoria_id_1fef506a" ON "productos_producto" ("categoria_id");
CREATE INDEX "productos_producto_publicado_por_id_1777b7e5" ON "productos_producto" ("publicado_por_id");
CREATE INDEX "productos_mensaje_emisor_id_cfebdc0a" ON "productos_mensaje" ("emisor_id");
CREATE INDEX "productos_mensaje_producto_id_c7aba6c1" ON "productos_mensaje" ("producto_id");
CREATE INDEX "productos_mensaje_receptor_id_bb060280" ON "productos_mensaje" ("receptor_id");
COMMIT;
